{
  "IterationNumber": 29,
  "NumberOfEvaluationFitnessFunction": 657,
  "Population": [
    [
      0.9991826012880887,
      1.285446672087842,
      1.011364458231463
    ],
    [
      0.9390701330706727,
      1.2192614791919738,
      0.9441191335952743
    ],
    [
      0.9390701330706727,
      1.2192614791919738,
      0.9441191335952743
    ],
    [
      0.9587173324590529,
      1.2448888374531637,
      0.9674049621348463
    ],
    [
      0.9549999003262576,
      1.2399560352032806,
      0.9604880568736273
    ],
    [
      0.8374899568160167,
      1.069786306093682,
      0.8425330796581091
    ],
    [
      0.9175026294026436,
      1.177827192149489,
      0.9232625527353693
    ],
    [
      0.9694003773345751,
      1.2444499753074472,
      0.9754861057818035
    ],
    [
      0.9576472245409162,
      1.2297738092013217,
      0.9636682785970588
    ],
    [
      1.0062371031532042,
      1.2642937512128265,
      1.0119518097538738
    ],
    [
      0.9700597279045617,
      1.2202263039972407,
      0.9755994337989378
    ],
    [
      0.9700597279045617,
      1.2202263039972407,
      0.9755994337989378
    ],
    [
      0.9794594546315711,
      1.2478312364062416,
      0.9854373527653527
    ],
    [
      0.9971184182918649,
      1.2753745969556296,
      1.0033164882981367
    ],
    [
      0.9839992828218309,
      1.0305355590135592,
      0.9850358639286824
    ],
    [
      0.9920912953834814,
      1.1472979802419958,
      0.995561323587411
    ],
    [
      0.950599076044396,
      1.1212133671198745,
      0.9534209012381776
    ],
    [
      0.9538803072558704,
      1.1255152079365176,
      0.956721622973993
    ],
    [
      0.9538803072558704,
      1.1255152079365176,
      0.956721622973993
    ],
    [
      0.9994062755857918,
      1.1747182265152043,
      1.0023353468950102
    ],
    [
      0.9898158804688715,
      1.1634455216918078,
      0.9927168441387173
    ],
    [
      1.0274885273158936,
      1.1994518959991654,
      1.0303941875545242
    ],
    [
      0.988741050758789,
      1.14807258718091,
      0.991433271280442
    ],
    [
      0.948465975683668,
      1.0946676766207761,
      0.9509363417417763
    ],
    [
      0.9940042099090612,
      1.1550515572550757,
      0.996725422439982
    ],
    [
      0.998909972133265,
      1.157939205419383,
      1.0015970846472708
    ],
    [
      1.1084773513824049,
      1.3024315556821426,
      1.1117545901563615
    ],
    [
      0.9113223324617769,
      0.9877704526254796,
      0.9126140742133988
    ],
    [
      1.015003043777614,
      1.1926017177353505,
      1.0180039236121037
    ],
    [
      0.0,
      0.0,
      0.0
    ],
    [
      0.0,
      0.0,
      0.0
    ],
    [
      0.0,
      0.0,
      0.0
    ],
    [
      0.0,
      0.0,
      0.0
    ],
    [
      0.0,
      0.0,
      0.0
    ],
    [
      0.0,
      0.0,
      0.0
    ],
    [
      0.0,
      0.0,
      0.0
    ],
    [
      0.0,
      0.0,
      0.0
    ],
    [
      0.0,
      0.0,
      0.0
    ],
    [
      0.0,
      0.0,
      0.0
    ],
    [
      0.0,
      0.0,
      0.0
    ],
    [
      0.0,
      0.0,
      0.0
    ],
    [
      0.0,
      0.0,
      0.0
    ],
    [
      0.0,
      0.0,
      0.0
    ],
    [
      0.0,
      0.0,
      0.0
    ],
    [
      0.0,
      0.0,
      0.0
    ],
    [
      0.0,
      0.0,
      0.0
    ],
    [
      0.0,
      0.0,
      0.0
    ],
    [
      0.0,
      0.0,
      0.0
    ],
    [
      0.0,
      0.0,
      0.0
    ],
    [
      0.0,
      0.0,
      0.0
    ]
  ],
  "Fitness": [
    3.7244496238299343,
    3.3055414143296127,
    3.3055414143296127,
    3.055259120435725,
    3.0898168355677176,
    5.010178447823856,
    3.741734533096662,
    2.9037132066042206,
    2.9980458256298634,
    3.472955823948085,
    2.7711493466420616,
    2.7711493466420616,
    2.909945212144724,
    3.5162400162350176,
    2.329302891775029,
    2.1006109119451084,
    3.1185297575792026,
    3.044555130238536,
    3.044555130238536,
    2.0304377540194807,
    2.159656748908189,
    2.6501810564061916,
    2.199863311239027,
    3.170738727296704,
    2.049645782131047,
    1.931494889745663,
    4.691019627692066,
    4.0716272787467,
    2.3615174320064196,
    0.0,
    0.0,
    0.0,
    0.0,
    0.0,
    0.0,
    0.0,
    0.0,
    0.0,
    0.0,
    0.0,
    0.0,
    0.0,
    0.0,
    0.0,
    0.0,
    0.0,
    0.0,
    0.0,
    0.0,
    0.0
  ]
}