{
  "IterationNumber": 5,
  "NumberOfEvaluationFitnessFunction": 60,
  "Population": [
    [
      -5.0,
      -2.1606425481229548
    ],
    [
      -11.925826834514254,
      0.044572506127030675
    ],
    [
      -5.0,
      1.1917021558536234
    ],
    [
      -9.437200682925697,
      1.5377481970801652
    ],
    [
      -5.0,
      -1.3583049269226546
    ],
    [
      -5.0,
      -1.5802105774974002
    ],
    [
      -5.299545544689619,
      -1.2887253125526978
    ],
    [
      -6.939792584403431,
      -0.8087043500344573
    ],
    [
      -7.85663299722598,
      -0.4422711773549896
    ],
    [
      -8.296560222394788,
      -0.2353025136823596
    ]
  ],
  "Fitness": [
    147.34916663203038,
    117.39391271900465,
    98.67042000199147,
    80.45067941226256,
    116.7381667802634,
    129.02307023112124,
    125.3297704126123,
    113.62248387826492,
    102.95529582850261,
    96.12279015260034
  ]
}