{
  "Iterator": 0,
  "BestData": [
    [
      1.0609867704750118,
      0.9674261625567273,
      1.0657161863706301,
      1.0737554795584925,
      1.0600891873858949,
      1.0666983578912235,
      1.089390329420366,
      1.0276488423939059,
      1.0211253143358534,
      1.056261301397965
    ],
    [
      1.0600675815932852,
      1.1298769024747075,
      1.0657133423130618,
      1.041436876703664,
      1.0600605423078544,
      1.0607653541198867,
      1.0796985473594405,
      1.0269481557474551,
      1.000559413807713,
      1.0581017033821147
    ],
    [
      1.0604425800564954,
      1.064943771950615,
      1.064937187098652,
      1.0641529932930114,
      1.0601467407129976,
      1.0640338986976616,
      1.012246456912516,
      1.0934484148449053,
      1.1588113564115188,
      1.05954481573491
    ],
    [
      0.03156055892449561,
      1.9718169296013262,
      0.21815727643313543,
      0.3493810797189745,
      0.028711918892140087,
      0.17329985713612106,
      0.8926763159697211,
      1.103455423639178,
      1.812361927144211,
      0.13381372989202234
    ]
  ],
  "ParamIterator": 47,
  "TestFuncIterator": 0,
  "AlgorithmIterator": 1
}