{
  "Iterator": 6,
  "BestData": [
    [
      -8.763620930310434,
      -9.587780536471826,
      -10.78728621003039,
      -9.084259178017149,
      -9.25951437776648,
      -12.390315645583826,
      0.0,
      0.0,
      0.0,
      0.0
    ],
    [
      0.777534483450235,
      0.9204769659100323,
      1.1631984197042595,
      0.8688374900434036,
      0.8571498261041284,
      1.5334679718436286,
      0.0,
      0.0,
      0.0,
      0.0
    ],
    [
      9.77144435624392,
      3.499275631256706,
      2.1456709509253065,
      20.889732570201236,
      1.5444117414163254,
      4.184727748246181,
      0.0,
      0.0,
      0.0,
      0.0
    ]
  ],
  "ParamIterator": 0,
  "TestFuncIterator": 0,
  "AlgorithmIterator": 0
}