OptimiazationAlgorithm,TestFunction,NumberOfSearchedParameters,T,N,FoundMinimum,StandardDeviationOfFoundMinimum,ObjectiveFunctionValue,StandardDeviationOfObjectiveFunctionValue,NumberOfObjectiveFunctionCalls
Snake Optimization,Sphere function,2,20,20,"(-1,1456565043369319E-05; -1,1424781170761226E-06)","(0,0004885735672373639; 0,00011309977617180164)",0.00000,0.00000,420
Snake Optimization,Sphere function,2,20,40,"(1,5541713613056443E-06; -2,02624123493338E-06)","(0,0001322664786902246; 0,00015707651154810978)",0.00000,0.00000,840
Snake Optimization,Sphere function,2,40,20,"(-2,2667041964862997E-10; -1,5718498734994008E-09)","(1,7026893950788643E-07; 1,5027888513452686E-07)",0.00000,0.00000,820
Snake Optimization,Sphere function,2,40,40,"(-4,5294968794704384E-10; 4,760049481931972E-10)","(9,608991096709298E-09; 1,743475544252917E-08)",0.00000,0.00000,1640
