OptimiazationAlgorithm,TestFunction,NumberOfSearchedParameters,T,N,FoundMinimum,StandardDeviationOfFoundMinimum,ObjectiveFunctionValue,StandardDeviationOfObjectiveFunctionValue,NumberOfObjectiveFunctionCalls
Snake Optimization,Rastrigin function,3,20,20,"(-0,008992056836192181; 0,024663089917940154; 0,005551028558457176)","(0,5976383747003777; 0,6432840915783935; 0,5945077931471101)",0.14259,2.19448,420
Snake Optimization,Rastrigin function,3,20,40,"(0,009744213033764172; -0,002812196724981883; 0,0004025185476513719)","(0,5238960697703259; 0,4346944027305371; 0,029191425081908612)",0.02043,0.91542,840
Snake Optimization,Rastrigin function,3,40,20,"(-0,00011861699118442333; -3,4035551430619376E-05; -6,426322776695244E-05)","(0,5883645168688365; 0,29847147935659435; 0,7719768376988768)",0.00000,1.13832,820
Snake Optimization,Rastrigin function,3,40,40,"(-5,497659656584922E-05; 0,0003002718450280941; -0,00014353930459062576)","(0,9779882870270322; 0,6244283857822028; 0,6179063490590653)",0.00002,2.53286,1640
Snake Optimization,Rastrigin function,3,60,20,"(9,667069619892004E-08; 1,2131492687024604E-07; -6,575721570126045E-07)","(0,46300974622876095; 0,38363815071944407; 0,7546347663432488)",0.00000,2.21425,1220
Snake Optimization,Rastrigin function,3,60,40,"(-5,6534971255844075E-09; 9,916362456960872E-10; -1,291297789314114E-09)","(0,39600199871011416; 0,3940241307507168; 0,5350091262977972)",0.00000,0.99438,2440
