OptimiazationAlgorithm,TestFunction,NumberOfSearchedParameters,T,N,FoundMinimum,StandardDeviationOfFoundMinimum,ObjectiveFunctionValue,StandardDeviationOfObjectiveFunctionValue,NumberOfObjectiveFunctionCalls
Snake Optimization,Rastrigin function,3,20,20,"(-4,0829144797790116E-05; -0,0016280857615114464; 0,000677102846350953)","(0,49222026796473306; 1,0695321105527889; 1,0857413015247628)",0.00062,2.59863,420
Snake Optimization,Rastrigin function,3,20,40,"(0,00030596014090529923; 0,0005089978145455358; -0,0006265477827837544)","(0,6254748946021489; 0,5305397077996139; 0,2997287876614603)",0.00015,1.09750,840
Snake Optimization,Rastrigin function,3,40,20,"(0,00022961743890623318; 8,783685537056597E-05; 1,2613027065325661E-05)","(0,6641575049001626; 0,8141992413786783; 0,65101587830418)",0.00001,2.34677,820
Snake Optimization,Rastrigin function,3,40,40,"(0,00010496056063371973; -0,00014827215661414127; 0,00015032148364234815)","(0,6276510599518513; 0,6014240001406506; 0,8838867604166782)",0.00001,2.54141,1640
Snake Optimization,Rastrigin function,3,60,20,"(-6,703001381223903E-07; 7,526072824843632E-07; -6,509459759284134E-07)","(0,5328529602275722; 1,0391185203098667; 0,5138551912753376)",0.00000,2.74684,1220
Snake Optimization,Rastrigin function,3,60,40,"(-7,242605598026246E-06; 3,49827863155536E-06; 7,970068385483495E-08)","(0,541418826321399; 0,4061652598903985; 0,2874403339556032)",0.00000,1.19670,2440
