OptimiazationAlgorithm,TestFunction,NumberOfSearchedParameters,T,N,FoundMinimum,StandardDeviationOfFoundMinimum,ObjectiveFunctionValue,StandardDeviationOfObjectiveFunctionValue,NumberOfObjectiveFunctionCalls
Snake Optimization,Rastrigin function,3,20,20,"(0,021087446177950858; 0,001099849432070315; -0,026003798651429662)","(1,0914177442247481; 0,788986285122119; 0,6522489181890236)",0.22219,3.94308,420
Snake Optimization,Rastrigin function,3,20,40,"(0,0003247459809677532; -0,0002425877566509054; -0,0003791299316760798)","(0,5977009587318974; 0,5261254972218292; 0,7697241323277256)",0.00006,1.80568,840
Snake Optimization,Rastrigin function,3,40,20,"(-2,804268490245508E-09; -1,7129114935861038E-08; 2,9646555698768358E-08)","(0,6425213300174188; 0,509495549092061; 0,8017863230029559)",0.00000,3.20748,820
Snake Optimization,Rastrigin function,3,40,40,"(-1,3056977374507867E-07; -4,97446008989651E-09; -9,212544731573104E-07)","(0,5719893831629413; 0,45737993207490096; 0,629128227026603)",0.00000,1.75219,1640
Snake Optimization,Rastrigin function,3,60,20,"(3,84436720905604E-09; 1,2040687985347943E-08; -2,946650182606181E-09)","(0,43545195306160295; 0,4800991015178566; 0,5133863664685057)",0.00000,1.64011,1220
Snake Optimization,Rastrigin function,3,60,40,"(1,0275953221658983E-06; -6,922221714525466E-07; 9,311497002030229E-08)","(0,3758350825282366; 0,014241254054113393; 0,394245146348149)",0.00000,1.28702,2440
