OptimiazationAlgorithm,TestFunction,NumberOfSearchedParameters,T,N,FoundMinimum,StandardDeviationOfFoundMinimum,ObjectiveFunctionValue,StandardDeviationOfObjectiveFunctionValue,NumberOfObjectiveFunctionCalls
Snake Optimization,Rastrigin function,3,20,20,"(0,0189309822545941; -0,0040464222557929; 0,014590737275416224)","(0,9017503859863606; 0,4148930049391102; 0,8361259229358708)",0.11647,3.08546,420
Snake Optimization,Rastrigin function,3,20,40,"(-0,00034736766407640455; -0,0028261443488943917; 0,0018279281213046275)","(0,440465193207045; 0,5760669636700062; 0,47873107323137654)",0.00227,1.12532,840
Snake Optimization,Rastrigin function,3,40,20,"(-0,008625034984087692; -0,9878919821681443; -0,0056329776689759085)","(0,4803856435867224; 0,7542651763744431; 1,1335808276066404)",1.02590,2.19192,820
Snake Optimization,Rastrigin function,3,40,40,"(2,126918516588839E-05; 1,7401384004917147E-05; 2,2994435400132217E-06)","(0,7653967760635166; 0,29013765193600555; 0,5257652354966426)",0.00000,1.41343,1640
Snake Optimization,Rastrigin function,3,60,20,"(-0,00182269064709765; -0,00027923385728612776; -0,0006606213455067062)","(0,6004386947426056; 0,42463218811986425; 0,7757533129937924)",0.00076,2.67950,1220
Snake Optimization,Rastrigin function,3,60,40,"(-1,4007525385120016E-09; -1,7508919328232018E-09; 2,1728751003591553E-09)","(0,5847469130069535; 0,5092787599645445; 0,3746115620485994)",0.00000,2.13554,2440
